{"train/NMI":0.39358420400791366,"train/total_loss":5.020217418670654,"train/ARI":0.38219007567724006,"best_ARI":0.38656327338448254,"_step":349,"best_F1":0.2798000749355805,"train/loss_kl":0.16262094676494598,"train/AMI":0.3896316818701513,"_timestamp":1.7665019303748226e+09,"train/F1":0.2804387997032265,"train/loss_rec":4.8194732666015625,"_wandb":{"runtime":57},"train/loss_consistency":0.38122910261154175,"best_AMI":0.38977836100612123,"_runtime":57.7575592,"best_ACC":0.6537660017862459,"best_NMI":0.3936965297719026,"train/ACC":0.6507889252753796}