{"final/NMI_std":0.009494277606664096,"final/ARI_std":0.008598069893057936,"final/F1_std":0.004229339387080788,"final/AMI_mean":0.3801627679212173,"final/FMS_std":0.0072016602436315415,"final/FMS_mean":0.5646192357771105,"final/ACC_std":0.014261028607794799,"final/VMS_std":0.009494277606664098,"final/AMI_std":0.009600289034554942,"_wandb":{"runtime":3},"final/NMI_mean":0.38424352974220943,"final/VMS_mean":0.38424352974220943,"final/ACC_mean":0.6471271211670141,"final/metrics_table":{"ncols":7,"_type":"table-file","path":"media/table/final/metrics_table_1_dbc85c7a7f23e070fef1.table.json","nrows":10,"artifact_path":"wandb-client-artifact://41pjso2krv6sk1wj6936l06yqdpv68r5j2tazo3yar5il5gui82qcls7dtzt3t8vvqvnukggwxrd157467tozj346v8uqx972cwrw4i0eh2l3dfzbu6tyawvuon9ba8g/final/metrics_table.table.json","sha256":"dbc85c7a7f23e070fef10a32cebc4cf56ed60f010c07aae40d62fcde2204f581","_latest_artifact_path":"wandb-client-artifact://eh27apdjhxmgsbd9hm047gy8cy4mjvpgqouslm4jua0mbki8mkm8wwznoxagmiwn5uoozpxbqjfsru15rlq353g9wd09oylhza3tdex5k9d4ocjq25esxm5kabyu876b:latest/final/metrics_table.table.json","log_mode":"IMMUTABLE","size":1507},"_step":1,"_runtime":3,"_timestamp":1.7663413158812346e+09,"final/ARI_mean":0.38293238302129473,"final/F1_mean":0.27851878307502137}