{"train/NMI":0.36636731692650953,"train/loss_kl":0.04756520688533783,"train/loss_rec":4.662349700927734,"best_ACC":0.6546591247395058,"_runtime":811.5644632,"train/ACC":0.6239952366775826,"best_AMI":0.3880699002375426,"_step":4900,"_wandb":{"runtime":811},"_timestamp":1.76633439771115e+09,"train/total_loss":4.716798305511475,"best_F1":0.27867148059334884,"train/F1":0.2836094897733456,"best_NMI":0.39205093086019516,"train/ARI":0.35414715114062667,"best_ARI":0.38775072773482044,"train/loss_consistency":0.06883649528026581,"train/AMI":0.3617798148054444}