{"train/run3/AMI":0.3555778344806052,"final/ARI_mean":0.37636713720814335,"runs/run3/best_F1":0.3033666183065105,"pretrain/loss_feature_adj1":0.8728770613670349,"train/run9/total_loss":7.332906246185303,"train/run3/epoch":349,"runs/run4/best_NMI":0.37233014894996563,"pretrain/total_loss":6.987173080444336,"train/run9/loss_rec":7.05572509765625,"runs/run7/best_ACC":0.6403691574873475,"train/run3/NMI":0.36068859879951787,"train/run0/NMI":0.36700853587721455,"train/run9/AMI":0.3504528492620071,"final/ACC_std":0.01642334387636457,"final/FMS_mean":0.5511204256575408,"train/run4/ARI":0.36796031006465413,"runs/run5/best_AMI":0.36257066908374513,"runs/run0/best_AMI":0.3610524003958612,"final/ACC_mean":0.621673116999107,"train/run7/ACC":0.6347127121167014,"train/run2/loss_rec":7.0589118003845215,"runs/run7/best_F1":0.32897229277923334,"train/run2/total_loss":7.329153537750244,"runs/run2/best_AMI":0.3634345561469537,"best_NMI":0.3892000408722135,"final/NMI_std":0.010133126154888573,"runs/run1/best_F1":0.30291830759411126,"train/run3/ARI":0.36538133135782236,"train/run3/loss_consistency":0.5971178412437439,"runs/run3/best_NMI":0.361601584969975,"train/run1/loss_consistency":0.5860984325408936,"train/run0/AMI":0.361848202281788,"runs/run9/best_NMI":0.3570114417945676,"train/run6/loss_rec":7.050180912017822,"final/ARI_std":0.005978596941197046,"runs/run5/best_ARI":0.3711471067726005,"train/run9/loss_kl":0.21689249575138092,"final/F1_mean":0.3131582584113851,"train/run0/loss_kl":0.20326338708400726,"train/run7/AMI":0.38022148278278994,"train/run8/loss_kl":0.20824363827705383,"runs/run9/best_AMI":0.35182562065961903,"_wandb":{"runtime":2108},"final/AMI_std":0.010184651312053894,"train/run6/NMI":0.38742925870905875,"train/run5/epoch":349,"train/run4/loss_kl":0.19883178174495697,"train/run6/loss_consistency":0.5720547437667847,"runs/run6/best_ACC":0.650491217624293,"train/run6/loss_kl":0.18425489962100983,"train/run5/ARI":0.36862329226982216,"train/run7/NMI":0.3853936501106079,"train/run5/loss_kl":0.20098747313022614,"train/run9/ACC":0.582316165525454,"runs/run3/best_ARI":0.37013934286411165,"pretrain/loss_recon_x2":0.3859635293483734,"train/run0/total_loss":7.29849910736084,"best_ARI":0.3846048215575092,"pretrain/loss_feature_adj2":0.5984758138656616,"runs/run6/best_AMI":0.3797071100098889,"train/run0/F1":0.31236529165193844,"train/run7/loss_consistency":0.5537126064300537,"runs/run9/best_ACC":0.6007740398928253,"runs/run7/best_ARI":0.3842680362351426,"train/run1/NMI":0.3666788855193234,"train/run6/ARI":0.3755652219745556,"final/FMS_std":0.007275462287870452,"runs/run1/best_ACC":0.6174456683536766,"train/run7/loss_rec":7.064448833465576,"train/run3/loss_kl":0.21788325905799866,"runs/run0/best_NMI":0.36628103754923985,"pretrain/epoch":9995,"train/run8/ARI":0.3620905463779918,"train/run4/F1":0.31219602033952426,"train/run9/loss_consistency":0.6028827428817749,"runs/run0/best_ARI":0.3716262930713218,"final/VMS_std":0.010133126154888584,"train/run2/loss_kl":0.21066515147686005,"train/run1/loss_kl":0.20622244477272034,"pretrain/loss_spatial_adj1":0.9999992251396179,"train/run0/ACC":0.6150640071449837,"_timestamp":1.7683082940290725e+09,"train/run1/F1":0.31062551357820295,"train/run8/loss_consistency":0.5754717588424683,"runs/run6/best_NMI":0.3844988309226531,"final/metrics_table":{"artifact_path":"wandb-client-artifact://41pjso2krv6sk1wj6936l06yqdpv68r5j2tazo3yar5il5gui82qcls7dtzt3t8vvqvnukggwxrd157467tozj346v8uqx972cwrw4i0eh2l3dfzbu6tyawvuon9ba8g/final/metrics_table.table.json","_latest_artifact_path":"wandb-client-artifact://eh27apdjhxmgsbd9hm047gy8cy4mjvpgqouslm4jua0mbki8mkm8wwznoxagmiwn5uoozpxbqjfsru15rlq353g9wd09oylhza3tdex5k9d4ocjq25esxm5kabyu876b:latest/final/metrics_table.table.json","_type":"table-file","nrows":10,"sha256":"0033c344681aa95001e48e1d76f32677892460324b5937f7df042e3055d7c664","path":"media/table/final/metrics_table_5550_0033c344681aa95001e4.table.json","size":1501,"ncols":7,"log_mode":"IMMUTABLE"},"train/run2/AMI":0.3645298826107296,"train/run8/F1":0.3261483999501837,"train/run7/loss_kl":0.19429011642932892,"train/run4/NMI":0.37055421645146636,"train/run3/ACC":0.5861863649895802,"runs/run3/best_AMI":0.3564487253288188,"train/run5/AMI":0.361617255722366,"runs/run1/best_AMI":0.3627957519607858,"train/run2/loss_consistency":0.5957635641098022,"runs/run0/best_F1":0.3081714121242832,"train/run9/NMI":0.35580402021091595,"best_ACC":0.650491217624293,"train/run8/total_loss":7.340264797210693,"train/run5/F1":0.307022693144431,"runs/run5/best_ACC":0.6177433760047634,"train/run4/AMI":0.3654441042588696,"runs/run1/best_ARI":0.372740474793576,"train/run9/ARI":0.3620732619536254,"train/run4/loss_consistency":0.5349780321121216,"runs/run4/best_F1":0.31364684047365576,"train/run3/F1":0.3037589540482314,"runs/run8/best_ACC":0.6260791902351891,"runs/run2/best_F1":0.3264282392686599,"train/run4/total_loss":7.306636810302734,"runs/run1/best_NMI":0.36800629074770985,"runs/run8/best_NMI":0.36124869373318297,"train/run4/ACC":0.6168502530515034,"train/run6/total_loss":7.291641712188721,"runs/run6/best_F1":0.31146321923797526,"pretrain/loss_spatial_adj2":0.9999960064888,"train/run1/ARI":0.3681677730695211,"train/run0/loss_consistency":0.5606342554092407,"runs/run5/best_F1":0.3103538652929178,"final/F1_std":0.01032653990132446,"runs/run8/best_ARI":0.38017119665978844,"train/run6/ACC":0.6370943733253944,"train/run6/epoch":349,"train/run5/ACC":0.6117892229830306,"runs/run4/best_ACC":0.6228044060732361,"runs/run4/best_ARI":0.3745127481116397,"train/run8/epoch":349,"train/run1/epoch":349,"train/run2/ACC":0.6147662994938969,"train/run1/total_loss":7.320364952087402,"runs/run7/best_AMI":0.38401231893975923,"train/run8/AMI":0.3563786418908669,"train/run3/total_loss":7.320046424865723,"runs/run3/best_ACC":0.5951175945221793,"runs/run5/best_NMI":0.36773634719719334,"_runtime":2108,"pretrain/loss_recon_x1":3.12986159324646,"train/run9/epoch":349,"runs/run8/best_F1":0.3253165690775241,"train/run5/NMI":0.36676201876122877,"runs/run6/best_ARI":0.3831613376195482,"train/run1/loss_rec":7.055532455444336,"train/run5/loss_consistency":0.5456705093383789,"train/run0/epoch":349,"train/run2/F1":0.324996346325555,"runs/run0/best_ACC":0.61804108365585,"train/run0/ARI":0.3674201836533145,"runs/run9/best_ARI":0.3713000143961959,"train/run2/ARI":0.37721855290865763,"train/run8/ACC":0.6097052694254242,"runs/run2/best_ARI":0.3846048215575092,"train/run0/loss_rec":7.039172172546387,"train/run7/F1":0.3233371265325594,"train/run3/loss_rec":7.04245138168335,"train/run6/F1":0.3127268203776358,"train/run1/ACC":0.6147662994938969,"train/run8/NMI":0.36157013323198917,"final/VMS_mean":0.36963630971028527,"train/run6/AMI":0.38236195083872193,"_step":5550,"runs/run7/best_NMI":0.3892000408722135,"train/run9/F1":0.30050914128834416,"runs/run2/best_NMI":0.36844868036615164,"train/run4/loss_rec":7.054307460784912,"train/run7/epoch":349,"train/run1/AMI":0.36151258513804374,"runs/run2/best_ACC":0.6278654361417089,"final/NMI_mean":0.36963630971028527,"train/run5/loss_rec":7.078958034515381,"runs/run8/best_AMI":0.35618592404800153,"train/run2/epoch":349,"train/run7/ARI":0.37773767824832416,"runs/run9/best_F1":0.3009452199589806,"train/run2/NMI":0.36969846893073344,"train/run4/epoch":349,"train/run7/total_loss":7.314110279083252,"train/run5/total_loss":7.334512233734131,"train/run8/loss_rec":7.074473857879639,"final/AMI_mean":0.3645240181551597,"runs/run4/best_AMI":0.3672071049781639}