{"best_NMI":0.3771141795062359,"train/total_loss":4.79836893081665,"_runtime":864.4126704,"train/loss_kl":0.051578886806964874,"train/ACC":0.6064304852634713,"best_F1":0.27788978102573764,"train/loss_rec":4.7387847900390625,"_timestamp":1.766338683159599e+09,"best_ARI":0.3787264047487202,"best_AMI":0.37288855170491314,"_wandb":{"runtime":864},"train/NMI":0.3591220041748613,"train/ARI":0.343801546333242,"train/loss_consistency":0.08005072176456451,"train/F1":0.28331174873951137,"best_ACC":0.6451324799047335,"train/AMI":0.35444440565201724,"_step":4900}