{"best_F1":0.28104808343505777,"train/F1":0.27873696805973935,"_runtime":57.167834,"best_NMI":0.3945213465291368,"train/loss_kl":0.16202160716056824,"best_ACC":0.6528728788329861,"train/AMI":0.38216808617871606,"train/ARI":0.3738067506755055,"best_AMI":0.39048844279165507,"train/loss_rec":4.823447227478027,"best_ARI":0.3843025129090612,"train/total_loss":5.02477502822876,"_timestamp":1.7665018058875403e+09,"_step":349,"train/NMI":0.38626183398404873,"train/ACC":0.6466210181601667,"_wandb":{"runtime":57},"train/loss_consistency":0.39306318759918213}