{"train/NMI":0.3868182218737296,"_timestamp":1.7665020547462773e+09,"best_F1":0.2772739732410844,"_wandb":{"runtime":57},"_runtime":57.657399,"train/loss_kl":0.16535337269306183,"train/ACC":0.6498958023221196,"best_AMI":0.38257599553953253,"train/loss_consistency":0.4022950828075409,"train/ARI":0.38025509341112923,"train/total_loss":5.030763626098633,"_step":349,"train/AMI":0.3827776869514741,"best_ACC":0.6525751711818993,"train/F1":0.2807437979283076,"train/loss_rec":4.825181007385254,"best_NMI":0.3866230080274935,"best_ARI":0.3873001643646373}