{"_timestamp":1.766501683387479e+09,"train/loss_rec":4.8243408203125,"train/loss_kl":0.1723116785287857,"_runtime":57.9659863,"best_F1":0.2873710825968748,"_step":349,"train/loss_consistency":0.43054091930389404,"train/ACC":0.6490026793688598,"best_ACC":0.6516820482286395,"best_AMI":0.3841023230898697,"train/F1":0.2864079751195179,"train/ARI":0.37867274212889934,"_wandb":{"runtime":57},"train/NMI":0.3829260877187609,"train/total_loss":5.039706707000732,"best_NMI":0.3881803877836395,"best_ARI":0.3849155988782773,"train/AMI":0.3788029140867324}