{"train/total_loss":5.040472507476807,"train/loss_consistency":0.40405356884002686,"train/NMI":0.3883471742223438,"_wandb":{"runtime":53},"best_NMI":0.39120947694712854,"_runtime":53.5192562,"train/F1":0.281149894536431,"_timestamp":1.7665015593201103e+09,"train/AMI":0.3843265111980402,"train/ARI":0.3798611059112272,"train/ACC":0.6498958023221196,"best_ARI":0.3857699377759389,"train/loss_kl":0.16466590762138367,"_step":349,"best_F1":0.27834582459015633,"best_ACC":0.6531705864840727,"train/loss_rec":4.83540153503418,"best_AMI":0.3871443171945303}