{"best_AMI":0.35920227026410967,"best_ARI":0.36092127178949013,"_step":349,"train/loss_kl":0.18895931541919708,"train/ACC":0.591247395058053,"train/total_loss":5.055690288543701,"train/ARI":0.3552157864024472,"train/loss_consistency":0.4454108476638794,"train/AMI":0.3562207706772342,"_timestamp":1.7665016209687936e+09,"_wandb":{"runtime":57},"best_NMI":0.3634276453009613,"_runtime":57.4679063,"train/F1":0.26382262989670574,"train/loss_rec":4.822190284729004,"best_ACC":0.5948198868710926,"best_F1":0.26547455685265725,"train/NMI":0.3604660853344261}