{"train/loss_rec":4.834423065185547,"_runtime":56.7672009,"best_ARI":0.3902824591815134,"_step":349,"best_ACC":0.6519797558797261,"train/AMI":0.3873078927049292,"train/NMI":0.39139353023362095,"train/total_loss":5.0523200035095215,"train/loss_kl":0.1761006861925125,"best_NMI":0.39112521919732485,"_timestamp":1.7665017444198427e+09,"train/F1":0.2848939045148018,"train/loss_consistency":0.41796234250068665,"train/ACC":0.6501935099732064,"_wandb":{"runtime":56},"best_AMI":0.3870330620875882,"train/ARI":0.38619399795771603,"best_F1":0.28342124399920515}