{"_runtime":864.9086103,"train/loss_rec":4.6560773849487305,"best_ARI":0.3898432017610412,"_wandb":{"runtime":864},"train/total_loss":4.709269046783447,"train/F1":0.2855654737983905,"train/loss_kl":0.04589620977640152,"best_ACC":0.6540637094373325,"best_F1":0.27829215418509246,"_timestamp":1.7663369444723122e+09,"train/AMI":0.36202845843507675,"_step":4900,"best_AMI":0.3834827599022925,"train/NMI":0.36645228586399775,"train/ACC":0.6219112831199762,"best_NMI":0.3874994983775149,"train/loss_consistency":0.07295604795217514,"train/ARI":0.349969357059682}