{"train/run8/F1":0.055462302556238095,"train/run1/epoch":299,"train/run7/NMI":0.004809588236770592,"runs/run8/best_F1":0.24519897199677718,"train/run9/epoch":299,"train/run8/loss_consistency":50.144309997558594,"train/run9/loss_rec":8.93441390991211,"train/run2/total_loss":14.430033683776855,"train/run8/ARI":-0.00035185608756064293,"final/ARI_mean":0.23130803496015312,"runs/run7/best_NMI":0.2313181805255402,"runs/run5/best_F1":0.24231623536876423,"runs/run6/best_NMI":0.24042098338157217,"train/run0/epoch":299,"runs/run9/best_AMI":0.2127430086403253,"train/run3/total_loss":14.108940124511719,"runs/run7/best_ARI":0.22807926372843867,"runs/run8/best_ARI":0.2412496936824577,"train/run5/loss_consistency":54.81486511230469,"train/run5/loss_rec":8.840241432189941,"best_ACC":0.5138434057755285,"train/run7/ACC":0.43137838642453114,"pretrain/loss_spatial_adj1":0.9999992251396179,"runs/run3/best_ARI":0.2384651343485705,"train/run0/loss_consistency":52.48625564575195,"train/run2/ACC":0.43137838642453114,"train/run5/ARI":-0.00035185608756064293,"train/run8/AMI":-0.0010612899305340834,"runs/run1/best_ACC":0.5126525751711819,"train/run9/loss_consistency":547.9105834960938,"final/NMI_mean":0.24016160931128322,"final/ACC_mean":0.5036618041083656,"train/run5/ACC":0.43137838642453114,"_runtime":786,"train/run0/F1":0.055462302556238095,"runs/run5/best_ACC":0.5129502828222685,"train/run3/loss_consistency":52.74348449707031,"runs/run3/best_ACC":0.5138434057755285,"train/run7/F1":0.055462302556238095,"train/run5/NMI":0.004809588236770592,"runs/run1/best_AMI":0.23993153946517165,"final/FMS_std":0.017270417431092353,"train/run0/ACC":0.43137838642453114,"runs/run2/best_F1":0.23702314220358056,"runs/run4/best_NMI":0.24162672689513254,"runs/run7/best_ACC":0.5007442691277166,"runs/run5/best_AMI":0.2372993267914951,"train/run0/NMI":0.004809588236770592,"runs/run5/best_NMI":0.24433983828905184,"_step":5050,"train/run0/total_loss":13.788373947143555,"runs/run8/best_NMI":0.24708368097673136,"train/run8/loss_kl":0.00014162398292683065,"train/run6/epoch":299,"train/run4/NMI":0.004809588236770592,"train/run7/loss_consistency":49.22991943359375,"train/run3/ARI":-0.00035185608756064293,"train/run7/ARI":-0.00035185608756064293,"train/run1/loss_rec":8.62220573425293,"runs/run3/best_AMI":0.2396246191661252,"_wandb":{"runtime":786},"train/run4/epoch":299,"train/run2/loss_kl":0.00012310940655879676,"runs/run1/best_F1":0.25005740518290015,"runs/run7/best_AMI":0.22448198320272003,"runs/run8/best_AMI":0.2400824227081466,"runs/run1/best_ARI":0.2359383758941236,"train/run9/total_loss":63.72820281982422,"final/FMS_mean":0.46044004628158736,"train/run3/ACC":0.43137838642453114,"train/run5/total_loss":14.32186508178711,"train/run8/epoch":299,"runs/run6/best_F1":0.2345813822125714,"train/run3/AMI":-0.0010612899305340834,"train/run2/ARI":-0.00035185608756064293,"final/NMI_std":0.008574600133878753,"train/run7/total_loss":13.464088439941406,"final/AMI_mean":0.23322593959644214,"train/run4/loss_consistency":39.267818450927734,"train/run6/loss_consistency":52.34569549560547,"train/run4/ACC":0.43137838642453114,"runs/run7/best_F1":0.24190969125044307,"runs/run9/best_ARI":0.22267920565229113,"runs/run3/best_F1":0.2452281843525307,"runs/run6/best_ARI":0.20062723828209256,"final/AMI_std":0.00852023154824286,"train/run3/loss_kl":0.00011122488649562001,"train/run7/loss_kl":0.00010092527372762561,"best_ARI":0.2426756347959388,"final/ARI_std":0.012317392048846547,"runs/run6/best_AMI":0.23365675676159978,"train/run1/ACC":0.43137838642453114,"train/run3/NMI":0.004809588236770592,"train/run6/loss_rec":8.877493858337402,"train/run0/ARI":-0.00035185608756064293,"runs/run4/best_AMI":0.23467748216150602,"train/run5/loss_kl":0.0001374476560158655,"runs/run0/best_NMI":0.2417700803996381,"train/run3/loss_rec":8.834480285644531,"train/run7/loss_rec":8.540994644165039,"train/run7/epoch":299,"runs/run2/best_AMI":0.23505139733879035,"final/ACC_std":0.017183460510357556,"runs/run0/best_ACC":0.5135456981244418,"train/run6/ARI":-0.00035185608756064293,"final/F1_std":0.006524182006315737,"pretrain/loss_recon_x2":0.4086602032184601,"train/run4/total_loss":12.80921459197998,"train/run4/ARI":-0.00035185608756064293,"runs/run9/best_F1":0.2284394423030629,"train/run9/F1":0.06780738844226135,"train/run6/AMI":-0.0010612899305340834,"train/run5/epoch":299,"train/run1/loss_consistency":42.920753479003906,"runs/run4/best_ARI":0.23348014228443112,"train/run1/F1":0.055462302556238095,"train/run2/AMI":-0.0010612899305340834,"train/run2/NMI":0.004809588236770592,"train/run6/F1":0.055462302556238095,"runs/run2/best_ARI":0.23301853601145472,"pretrain/loss_recon_x1":3.264371156692505,"runs/run6/best_ACC":0.45727895206906816,"final/VMS_std":0.008574600133878753,"train/run4/AMI":-0.0010612899305340834,"runs/run9/best_NMI":0.21957468432400995,"train/run9/ACC":0.44179815421256324,"train/run0/loss_rec":8.539613723754883,"train/run6/NMI":0.004809588236770592,"train/run2/F1":0.055462302556238095,"train/run2/loss_consistency":56.02621841430664,"train/run1/NMI":0.004809588236770592,"pretrain/loss_spatial_adj2":0.9999961256980896,"train/run9/AMI":0.023871678985718542,"train/run4/F1":0.055462302556238095,"final/VMS_mean":0.24016160931128322,"train/run1/loss_kl":9.389482875121757e-05,"runs/run2/best_ACC":0.5043167609407562,"_timestamp":1.768380450172417e+09,"train/run1/AMI":-0.0010612899305340834,"train/run8/total_loss":13.918992042541504,"runs/run3/best_NMI":0.246594061640371,"runs/run0/best_AMI":0.23471085972854122,"train/run6/ACC":0.43137838642453114,"train/run6/loss_kl":0.000123435995192267,"final/F1_mean":0.241706668662724,"train/run1/total_loss":12.914375305175781,"train/run0/loss_kl":0.0001342327450402081,"train/run1/ARI":-0.00035185608756064293,"train/run4/loss_kl":0.00010171975009143353,"train/run8/ACC":0.43137838642453114,"train/run6/total_loss":14.112186431884766,"train/run2/epoch":299,"train/run9/NMI":0.030268306366615823,"pretrain/epoch":9995,"runs/run2/best_NMI":0.24205023440989695,"pretrain/loss_feature_adj2":0.60515296459198,"train/run9/loss_kl":0.002733077621087432,"train/run3/epoch":299,"pretrain/total_loss":7.182932376861572,"train/run7/AMI":-0.0010612899305340834,"train/run0/AMI":-0.0010612899305340825,"runs/run9/best_ACC":0.4992557308722834,"runs/run0/best_ARI":0.23686712492173265,"runs/run5/best_ARI":0.2426756347959388,"train/run9/ARI":0.015409585415163879,"train/run2/loss_rec":8.827288627624512,"final/metrics_table":{"ncols":7,"path":"media/table/final/metrics_table_5050_f7a0024692c0ad2db79a.table.json","artifact_path":"wandb-client-artifact://y68wajdsqoj3xtzhbzmxaw9iwdwanksjh5qqtvyj3ak57cgxojuaszd7048e276b45lafljml3qxhnur8ryi0o5wy3c300wbi798h92ab1o7vjnrkyptqs5q495qpe2n/final/metrics_table.table.json","size":1525,"log_mode":"IMMUTABLE","nrows":10,"sha256":"f7a0024692c0ad2db79a94112d9f4634d182f88e2be3586e8c538ceb3e66b52f","_latest_artifact_path":"wandb-client-artifact://p3yda4g9i0egqqj8cp3y229dspovgpagturm766vt1uu7nzzpfmokb7uk5npp7rpdregxluvov54pnxk5u620ricr3s7ni5hwoifeerdgx6vui15709xv74ec4eiwrbr:latest/final/metrics_table.table.json","_type":"table-file"},"train/run4/loss_rec":8.882330894470215,"train/run8/NMI":0.004809588236770592,"runs/run8/best_ACC":0.511759452217922,"runs/run1/best_NMI":0.2468376222708883,"train/run8/loss_rec":8.9044189453125,"train/run3/F1":0.055462302556238095,"train/run5/AMI":-0.0010612899305340834,"train/run5/F1":0.055462302556238095,"runs/run0/best_F1":0.2462564372279214,"pretrain/loss_feature_adj1":0.9047526121139526,"best_NMI":0.24708368097673136,"runs/run4/best_F1":0.24605579452868864,"runs/run4/best_ACC":0.5102709139624888}