{"train/run1/epoch":349,"train/run2/total_loss":68.0465087890625,"train/run2/loss_rec":9.774879455566406,"pretrain/loss_spatial_adj2":0.9999961853027344,"train/run9/AMI":-0.001061289930536217,"train/run2/AMI":-0.0010612899305362182,"train/run8/F1":0.055462302556238095,"train/run2/loss_consistency":582.7161254882812,"runs/run5/best_ACC":0.42810360226257815,"train/run1/loss_kl":9.90397238638252e-05,"train/run7/NMI":0.004809588236770519,"_step":5550,"train/run9/loss_consistency":375.0353088378906,"train/run2/loss_kl":1.2081652130291332e-05,"train/run6/ACC":0.43137838642453114,"runs/run8/best_AMI":0.2007163097482712,"train/run9/NMI":0.004809588236770519,"train/run5/total_loss":479.15777587890625,"final/VMS_std":0.01936163702183134,"train/run4/loss_kl":0.003519912250339985,"runs/run9/best_AMI":0.15231489622982475,"runs/run7/best_ARI":0.19444719704427588,"runs/run0/best_ARI":0.17675395127294824,"best_ACC":0.49121762429294435,"train/run9/loss_kl":1.1255453500780277e-05,"train/run1/total_loss":400.6463317871094,"final/VMS_mean":0.16915373066831427,"train/run2/NMI":0.004809588236770519,"train/run0/NMI":0.004809588236770519,"runs/run4/best_ARI":0.178146265514162,"runs/run6/best_F1":0.14223204927434405,"train/run6/NMI":0.004809588236770519,"train/run8/ARI":-0.00035185608756064293,"train/run4/loss_rec":8.834955215454102,"runs/run9/best_ARI":0.16917187082857343,"runs/run8/best_ACC":0.42482881810062517,"final/ARI_mean":0.17376665866873392,"runs/run0/best_AMI":0.14900405821361556,"train/run3/ACC":0.43137838642453114,"runs/run1/best_AMI":0.14784243421758578,"runs/run5/best_NMI":0.1956547747901319,"runs/run0/best_NMI":0.15674156404074635,"train/run9/F1":0.055462302556238095,"runs/run6/best_AMI":0.1559666796505147,"train/run0/loss_rec":9.680170059204102,"runs/run9/best_ACC":0.4340577552843108,"train/run0/epoch":349,"train/run9/loss_rec":10.066559791564941,"train/run6/loss_kl":0.004698601085692644,"runs/run7/best_F1":0.1571137017481713,"_wandb":{"runtime":2088},"runs/run7/best_NMI":0.1721404942417604,"runs/run1/best_F1":0.13244061425244558,"runs/run6/best_NMI":0.16302231647323237,"runs/run4/best_ACC":0.47246204227448646,"train/run1/NMI":0.004809588236770519,"train/run7/epoch":349,"train/run9/epoch":349,"train/run7/loss_rec":9.759228706359863,"train/run6/loss_rec":9.978028297424316,"_runtime":2088,"train/run1/loss_consistency":3916.681884765625,"runs/run3/best_ARI":0.1738159867782663,"train/run3/epoch":349,"train/run0/ARI":-0.00035185608756064293,"train/run2/ACC":0.43137838642453114,"train/run3/loss_kl":1.6841237084008753e-05,"pretrain/loss_spatial_adj1":0.9999992251396179,"train/run1/ARI":-0.00035185608756064293,"train/run1/ACC":0.43137838642453114,"train/run0/AMI":-0.0010612899305362182,"pretrain/loss_feature_adj1":0.8635157346725464,"pretrain/loss_recon_x1":3.4236223697662354,"runs/run1/best_ARI":0.1755427103420651,"runs/run7/best_ACC":0.49121762429294435,"best_ARI":0.19444719704427588,"runs/run6/best_ARI":0.18228424677619326,"train/run4/loss_consistency":72939.9140625,"train/run6/ARI":-0.00035185608756064293,"train/run2/F1":0.055462302556238095,"train/run4/ACC":0.43167609407561774,"final/metrics_table":{"size":1529,"artifact_path":"wandb-client-artifact://41pjso2krv6sk1wj6936l06yqdpv68r5j2tazo3yar5il5gui82qcls7dtzt3t8vvqvnukggwxrd157467tozj346v8uqx972cwrw4i0eh2l3dfzbu6tyawvuon9ba8g/final/metrics_table.table.json","sha256":"753decc0bdf5ef55c9538773f67e839e4560f12da74654f4b076fccb9111306e","path":"media/table/final/metrics_table_5550_753decc0bdf5ef55c953.table.json","log_mode":"IMMUTABLE","ncols":7,"_latest_artifact_path":"wandb-client-artifact://eh27apdjhxmgsbd9hm047gy8cy4mjvpgqouslm4jua0mbki8mkm8wwznoxagmiwn5uoozpxbqjfsru15rlq353g9wd09oylhza3tdex5k9d4ocjq25esxm5kabyu876b:latest/final/metrics_table.table.json","_type":"table-file","nrows":10},"train/run5/F1":0.055462302556238095,"train/run8/NMI":0.004809588236770519,"train/run7/loss_consistency":1194.69384765625,"final/ACC_std":0.024277912414043923,"train/run2/ARI":-0.00035185608756064293,"final/AMI_mean":0.16152169368353692,"runs/run1/best_NMI":0.15541234387333477,"train/run4/total_loss":7302.830078125,"train/run9/total_loss":47.57010269165039,"train/run7/AMI":-0.0010612899305362182,"train/run5/loss_kl":0.00013629949535243213,"train/run3/ARI":-0.00035185608756064293,"train/run7/ARI":-0.00035185608756064293,"final/AMI_std":0.019449681120305144,"runs/run3/best_ACC":0.47305745757665973,"train/run3/loss_consistency":667.775390625,"runs/run0/best_ACC":0.4748437034831795,"runs/run5/best_AMI":0.18814236347282762,"train/run7/total_loss":129.22862243652344,"runs/run4/best_AMI":0.16931648252957116,"best_NMI":0.2079765377016703,"runs/run3/best_AMI":0.14688919970354422,"runs/run7/best_AMI":0.1639815134066274,"runs/run3/best_F1":0.13514443888187327,"final/NMI_mean":0.16915373066831427,"train/run5/loss_rec":9.618029594421387,"runs/run9/best_NMI":0.1599357713665418,"runs/run1/best_ACC":0.47305745757665973,"train/run0/loss_consistency":2882.389892578125,"pretrain/total_loss":7.55592155456543,"runs/run4/best_NMI":0.17722627518590953,"runs/run2/best_NMI":0.14884250255901973,"train/run4/NMI":0.0050892902339633945,"train/run4/F1":0.05550018134411689,"train/run4/AMI":-0.0007799379010186114,"train/run0/F1":0.055462302556238095,"train/run8/AMI":-0.0010612899305362182,"train/run6/epoch":349,"train/run4/ARI":3.0729261103570294e-05,"runs/run5/best_F1":0.1856214939443137,"final/F1_std":0.02631084425308656,"train/run8/ACC":0.43137838642453114,"train/run8/total_loss":56.56039810180664,"train/run3/loss_rec":9.474388122558594,"final/FMS_std":0.0479873931970452,"train/run1/AMI":-0.0010612899305362182,"train/run8/loss_kl":1.2510115084296558e-05,"runs/run5/best_ARI":0.14926418346914097,"train/run5/loss_consistency":4695.39599609375,"final/FMS_mean":0.4754378830616055,"runs/run2/best_F1":0.12514058316445176,"train/run6/total_loss":31379.12109375,"runs/run2/best_ACC":0.4739505805299196,"_timestamp":1.7683177088514426e+09,"train/run9/ARI":-0.00035185608756064293,"runs/run4/best_F1":0.14001116328529475,"train/run7/loss_kl":9.308523658546619e-06,"train/run2/epoch":349,"train/run5/ARI":-0.00035185608756064293,"train/run3/NMI":0.004809588236770519,"train/run3/F1":0.055462302556238095,"final/ACC_mean":0.46296516820482286,"train/run5/epoch":349,"train/run7/F1":0.055462302556238095,"runs/run9/best_F1":0.19136456176226468,"pretrain/epoch":9995,"final/NMI_std":0.019361637021831336,"train/run6/loss_consistency":313691.375,"train/run6/AMI":-0.0010612899305362182,"runs/run0/best_F1":0.12506776904927508,"runs/run2/best_AMI":0.1410429996629867,"pretrain/loss_feature_adj2":0.6648125052452087,"train/run0/total_loss":297.919189453125,"train/run4/epoch":349,"train/run0/loss_kl":4.393840572447516e-05,"train/run7/ACC":0.43137838642453114,"train/run8/epoch":349,"train/run9/ACC":0.43137838642453114,"train/run5/NMI":0.004809588236770519,"runs/run8/best_F1":0.18622917837291533,"runs/run8/best_ARI":0.165152036122222,"train/run8/loss_rec":9.734125137329102,"runs/run8/best_NMI":0.2079765377016703,"runs/run3/best_NMI":0.1545847264507957,"train/run5/ACC":0.43137838642453114,"train/run5/AMI":-0.0010612899305362182,"final/F1_mean":0.15203655537353494,"train/run1/F1":0.055462302556238095,"train/run3/AMI":-0.0010612899305362182,"runs/run2/best_ARI":0.1730881385394921,"pretrain/loss_recon_x2":0.6039753556251526,"train/run1/loss_rec":8.978048324584961,"train/run0/ACC":0.43137838642453114,"train/run3/total_loss":76.25194549560547,"train/run8/loss_consistency":468.2625732421875,"train/run6/F1":0.055462302556238095,"runs/run6/best_ACC":0.4840726406668651,"final/ARI_std":0.011679284215559969}