{"train/NMI":0.36540719024270407,"train/loss_consistency":0.07318735122680664,"best_NMI":0.3914148866745968,"train/AMI":0.36064731076270456,"_wandb":{"runtime":864},"train/ARI":0.3493259042804156,"train/loss_kl":0.04760023579001427,"_timestamp":1.766339552458528e+09,"best_AMI":0.387418416365995,"best_ACC":0.6531705864840727,"train/F1":0.28131423504720865,"_runtime":864.1467121,"_step":4900,"train/total_loss":4.728677749633789,"best_F1":0.27835373637886823,"train/ACC":0.6192319142601965,"train/loss_rec":4.673758506774902,"best_ARI":0.387223432898303}