{"_timestamp":1.7665018680229752e+09,"best_F1":0.2681505955950396,"train/F1":0.2698824492259844,"best_AMI":0.356138098476595,"_runtime":57.5142679,"_step":349,"train/loss_kl":0.18785160779953003,"train/ACC":0.599285501637392,"train/total_loss":5.056464672088623,"train/NMI":0.36027178536890936,"_wandb":{"runtime":57},"train/loss_consistency":0.4648844599723816,"train/AMI":0.35605672976058916,"train/loss_rec":4.82212495803833,"best_ARI":0.35616188463215354,"best_ACC":0.6034534087526049,"train/ARI":0.3510440670197727,"best_NMI":0.36041065310602244}