{"train/loss_rec":4.670958042144775,"train/ACC":0.6266746055373623,"_step":4900,"best_F1":0.2790894194469885,"best_NMI":0.39382477517166453,"train/AMI":0.36879044308429104,"train/loss_kl":0.046175722032785416,"train/ARI":0.36029989895542663,"train/total_loss":4.723196983337402,"_timestamp":1.7663352142575984e+09,"best_ARI":0.385022840940581,"best_AMI":0.3898760612087087,"train/NMI":0.37344865730334603,"best_ACC":0.6525751711818993,"train/loss_consistency":0.06063121557235718,"_wandb":{"runtime":811},"_runtime":811.9082049,"train/F1":0.282018430622189}