{"_wandb":{"runtime":864},"_timestamp":1.7663412904945552e+09,"best_AMI":0.3573800041882734,"train/total_loss":4.705180644989014,"train/loss_kl":0.04519898071885109,"_runtime":864.5287458,"train/loss_consistency":0.05741846188902855,"best_NMI":0.3616652986223498,"train/ARI":0.33372034680872664,"train/ACC":0.5811253349211075,"train/F1":0.2741805762855662,"train/AMI":0.3473668276740806,"best_F1":0.26774535447049225,"best_ARI":0.3604180945478941,"train/loss_rec":4.654239654541016,"best_ACC":0.6079190235189045,"train/NMI":0.35202658178233626,"_step":4900}