{"train/NMI":0.36641479360979873,"best_AMI":0.3835401389358511,"best_NMI":0.3875804217016865,"_step":4900,"train/loss_consistency":0.1162986010313034,"train/loss_kl":0.06359915435314178,"best_F1":0.2798781393503033,"_runtime":856.902241,"best_ACC":0.6546591247395058,"_timestamp":1.7663360748192132e+09,"train/ARI":0.35145320625541615,"train/F1":0.2872192773459307,"train/AMI":0.36169575086485584,"best_ARI":0.3881460227043486,"_wandb":{"runtime":856},"train/total_loss":4.802435874938965,"train/loss_rec":4.727206707000732,"train/ACC":0.6204227448645431}