{"final/NMI_mean":0.3743924339890016,"_runtime":2,"final/F1_std":0.006224321704415141,"_timestamp":1.765958659979003e+09,"final/VMS_mean":0.3743924339890016,"_wandb":{"runtime":2},"final/ACC_std":0.0051530089963486075,"final/metrics_table":{"log_mode":"IMMUTABLE","ncols":7,"_latest_artifact_path":"wandb-client-artifact://eh27apdjhxmgsbd9hm047gy8cy4mjvpgqouslm4jua0mbki8mkm8wwznoxagmiwn5uoozpxbqjfsru15rlq353g9wd09oylhza3tdex5k9d4ocjq25esxm5kabyu876b:latest/final/metrics_table.table.json","nrows":10,"_type":"table-file","sha256":"e018d3929563ad45b8b34286fdf4d28d52c36b41c90e1aaa112d7ccfac1d275d","size":1514,"artifact_path":"wandb-client-artifact://41pjso2krv6sk1wj6936l06yqdpv68r5j2tazo3yar5il5gui82qcls7dtzt3t8vvqvnukggwxrd157467tozj346v8uqx972cwrw4i0eh2l3dfzbu6tyawvuon9ba8g/final/metrics_table.table.json","path":"media/table/final/metrics_table_1_e018d3929563ad45b8b3.table.json"},"final/FMS_std":0.0025039100635941406,"final/F1_mean":0.3405532128787967,"final/ARI_std":0.0024103344725278026,"final/FMS_mean":0.5324167477174762,"final/AMI_mean":0.36906503860030254,"final/NMI_std":0.0024428557166753804,"final/AMI_std":0.0024882928619866427,"_step":1,"final/ARI_mean":0.362514438803112,"final/VMS_std":0.002442855716675355,"final/ACC_mean":0.6075022328073831}