{"train/loss_kl":0.05922609567642212,"train/AMI":0.3635327626289433,"best_AMI":0.3811745271871614,"train/loss_rec":5.063259601593018,"best_F1":0.27908638390434165,"best_ARI":0.38668721938671147,"train/ACC":0.6239952366775826,"train/loss_consistency":0.09921599924564362,"best_NMI":0.38525285101813006,"_wandb":{"runtime":864},"train/ARI":0.3533199275395265,"_runtime":864.6510168,"_step":4900,"train/F1":0.2815656830466131,"_timestamp":1.7663378138432732e+09,"train/NMI":0.3681201431339333,"train/total_loss":5.132407188415527,"best_ACC":0.6531705864840727}