{"train/NMI":0.36807127830585773,"train/loss_kl":0.18216945230960846,"_runtime":57.6213141,"_timestamp":1.7665021168844829e+09,"best_F1":0.2790206573821034,"train/ARI":0.36128765787297956,"best_ACC":0.6412622804406073,"train/total_loss":5.0436530113220215,"best_ARI":0.37755457232772144,"best_NMI":0.37418590684384434,"_wandb":{"runtime":57},"train/F1":0.27967718744981623,"train/ACC":0.6296516820482286,"best_AMI":0.3699378191059349,"_step":349,"train/loss_consistency":0.4545902609825134,"train/loss_rec":4.8160247802734375,"train/AMI":0.36386724427615}