{"train/run9/loss_kl":0.21033595502376556,"runs/run4/best_AMI":0.36486749169713373,"train/run9/total_loss":7.324239730834961,"train/run8/total_loss":7.321648120880127,"train/run1/NMI":0.3694912847643161,"train/run6/epoch":349,"_timestamp":1.7683578937132685e+09,"train/run3/F1":0.2982248634900129,"runs/run5/best_ACC":0.6183387913069366,"train/run5/loss_consistency":0.5667663812637329,"train/run0/F1":0.31864012715850476,"pretrain/epoch":9995,"train/run4/loss_consistency":0.5539431571960449,"train/run9/loss_consistency":0.5896546840667725,"final/F1_mean":0.3156992531835744,"train/run5/F1":0.3079622281676484,"train/run8/ACC":0.6064304852634713,"pretrain/loss_spatial_adj2":0.9999960064888,"train/run0/total_loss":7.294297695159912,"train/run8/AMI":0.3555726048199072,"train/run8/loss_rec":7.0529961585998535,"train/run5/total_loss":7.340057849884033,"runs/run2/best_ARI":0.38593728318704346,"runs/run7/best_F1":0.32855993640960984,"train/run8/epoch":349,"train/run7/ACC":0.632628758559095,"train/run7/ARI":0.3771607431410547,"train/run9/ACC":0.6085144388210777,"train/run6/F1":0.31830828140553796,"train/run3/NMI":0.36009706916645184,"train/run0/epoch":349,"final/VMS_mean":0.3729946772371437,"train/run5/loss_kl":0.2031072974205017,"best_ARI":0.38593728318704346,"runs/run1/best_F1":0.3095837065036193,"final/NMI_std":0.009607463813444897,"train/run4/total_loss":7.310222148895264,"runs/run6/best_ARI":0.38348261816746615,"runs/run9/best_NMI":0.36783627240849215,"train/run6/loss_consistency":0.5480664968490601,"best_ACC":0.6469187258112533,"train/run9/NMI":0.3607542882796502,"train/run4/F1":0.31447184159657443,"train/run3/ARI":0.36227458321562545,"train/run5/epoch":349,"train/run1/ACC":0.6177433760047634,"train/run3/loss_kl":0.22466085851192474,"final/ACC_mean":0.6227448645430188,"train/run0/loss_rec":7.0340352058410645,"runs/run1/best_ACC":0.6192319142601965,"runs/run3/best_F1":0.2975057949932657,"runs/run3/best_ARI":0.36956014864569503,"train/run8/F1":0.32267206513455277,"pretrain/total_loss":6.987173080444336,"final/VMS_std":0.009607463813444891,"runs/run2/best_AMI":0.3669577661302054,"train/run9/epoch":349,"train/run3/epoch":349,"runs/run0/best_ACC":0.6213158678178029,"train/run1/loss_consistency":0.5884872674942017,"train/run9/loss_rec":7.054938316345215,"train/run2/loss_rec":7.056210517883301,"train/run0/loss_kl":0.20335428416728973,"final/AMI_std":0.009700934150629517,"train/run9/F1":0.3081281595448603,"train/run4/AMI":0.3658147946239713,"runs/run3/best_AMI":0.3557880401982055,"train/run2/AMI":0.36761332936075836,"train/run4/ACC":0.6189342066091098,"train/run7/epoch":349,"train/run8/ARI":0.36373986953094706,"runs/run1/best_NMI":0.3703515880320227,"runs/run4/best_ACC":0.6233998213754094,"train/run7/AMI":0.3804392527842309,"runs/run2/best_NMI":0.372061591833871,"train/run6/ARI":0.3803457493434748,"train/run6/ACC":0.643941649300387,"train/run2/ARI":0.37757929185049977,"train/run2/epoch":349,"train/run3/total_loss":7.343841552734375,"train/run4/ARI":0.372216004580775,"pretrain/loss_recon_x2":0.3859635293483734,"train/run7/loss_rec":7.065079689025879,"train/run5/AMI":0.360565796814511,"train/run6/loss_kl":0.18418461084365845,"runs/run7/best_ARI":0.3847894329453007,"train/run1/epoch":349,"runs/run5/best_ARI":0.37309158972480255,"runs/run0/best_AMI":0.36591942120620147,"train/run3/loss_rec":7.054202556610107,"runs/run6/best_AMI":0.3836711294444642,"pretrain/loss_spatial_adj1":0.9999992251396179,"train/run2/loss_consistency":0.5723031759262085,"final/ACC_std":0.018929254569432768,"final/FMS_mean":0.5499863500000857,"runs/run5/best_AMI":0.3655408542372983,"train/run7/loss_consistency":0.5648252964019775,"train/run4/NMI":0.37093813080578547,"train/run4/loss_kl":0.20024211704730988,"train/run1/ARI":0.369971789329428,"runs/run3/best_ACC":0.5781482584102411,"train/run2/ACC":0.6201250372134564,"train/run4/loss_rec":7.054585933685303,"train/run4/epoch":349,"final/ARI_mean":0.37724605805949135,"train/run2/NMI":0.3727370648375222,"_step":5550,"runs/run4/best_NMI":0.37001626660354536,"runs/run7/best_ACC":0.6460256028579935,"runs/run8/best_AMI":0.3615314006015037,"final/AMI_mean":0.3679021573027751,"final/metrics_table":{"_type":"table-file","log_mode":"IMMUTABLE","_latest_artifact_path":"wandb-client-artifact://eh27apdjhxmgsbd9hm047gy8cy4mjvpgqouslm4jua0mbki8mkm8wwznoxagmiwn5uoozpxbqjfsru15rlq353g9wd09oylhza3tdex5k9d4ocjq25esxm5kabyu876b:latest/final/metrics_table.table.json","ncols":7,"artifact_path":"wandb-client-artifact://41pjso2krv6sk1wj6936l06yqdpv68r5j2tazo3yar5il5gui82qcls7dtzt3t8vvqvnukggwxrd157467tozj346v8uqx972cwrw4i0eh2l3dfzbu6tyawvuon9ba8g/final/metrics_table.table.json","path":"media/table/final/metrics_table_5550_30a964537189b76c23ed.table.json","nrows":10,"sha256":"30a964537189b76c23ed10280b1eb536901eb0fef70d5605cdcc9db6a2216ad0","size":1515},"train/run1/loss_rec":7.051919460296631,"_wandb":{"runtime":2208},"runs/run4/best_F1":0.3121911935656341,"runs/run6/best_F1":0.31662307156351993,"runs/run9/best_ARI":0.37664856882782044,"train/run2/F1":0.32481055589482866,"train/run0/ARI":0.37040522756695893,"train/run8/NMI":0.3608459704508284,"runs/run0/best_ARI":0.3742994218453958,"train/run5/ACC":0.6138731765406371,"pretrain/loss_feature_adj1":0.8728770613670349,"train/run1/loss_kl":0.2016865462064743,"train/run7/loss_kl":0.19470509886741638,"runs/run1/best_AMI":0.36520715127742154,"runs/run8/best_F1":0.3296298875859294,"runs/run0/best_F1":0.3170602917460841,"runs/run6/best_NMI":0.38846962940253815,"train/run2/loss_kl":0.20515164732933044,"train/run6/loss_rec":7.0538649559021,"runs/run5/best_F1":0.3132994019930575,"pretrain/loss_feature_adj2":0.5984758138656616,"runs/run8/best_ACC":0.6248883596308425,"runs/run3/best_NMI":0.36100493600635714,"train/run9/ARI":0.36913237710709107,"train/run8/loss_kl":0.20925600826740265,"train/run7/F1":0.32146683067547044,"train/run9/AMI":0.3555049077413663,"train/run8/loss_consistency":0.5939589142799377,"train/run2/total_loss":7.318592548370361,"train/run1/AMI":0.3643337772831327,"runs/run9/best_AMI":0.3627318898253774,"train/run6/AMI":0.3833729922798345,"train/run7/NMI":0.3856828304044928,"train/run5/ARI":0.3672298698522876,"train/run0/NMI":0.37061581521148457,"runs/run5/best_NMI":0.3706593680173201,"train/run3/ACC":0.5718963977374218,"train/run0/loss_consistency":0.5690828561782837,"final/FMS_std":0.007246329258013338,"runs/run0/best_NMI":0.37107837249123815,"runs/run6/best_ACC":0.6469187258112533,"runs/run1/best_ARI":0.37293010953098854,"runs/run2/best_ACC":0.6302470973504019,"runs/run8/best_ARI":0.37588278799640734,"train/run0/ACC":0.6186364989580232,"train/run0/AMI":0.3654922027908609,"pretrain/loss_recon_x1":3.12986159324646,"train/run6/NMI":0.38807822785665014,"train/run6/total_loss":7.292856216430664,"train/run1/F1":0.31148865079101007,"runs/run9/best_F1":0.30946335250757123,"train/run7/total_loss":7.316267013549805,"runs/run9/best_ACC":0.6189342066091098,"final/NMI_mean":0.3729946772371437,"train/run5/loss_rec":7.080273628234863,"_runtime":2208,"train/run1/total_loss":7.312454700469971,"train/run5/NMI":0.3657104211116589,"final/F1_std":0.009672035955071606,"runs/run2/best_F1":0.32307589496745304,"train/run3/loss_consistency":0.6497815847396851,"runs/run7/best_NMI":0.3918274681400357,"runs/run4/best_ARI":0.37583861972399346,"final/ARI_std":0.005569498775783129,"best_NMI":0.3918274681400357,"runs/run7/best_AMI":0.3868064284099392,"train/run3/AMI":0.3548099075281016,"runs/run8/best_NMI":0.3666412794360165}