{"_timestamp":1.766502124403525e+09,"_wandb":{"runtime":3},"final/VMS_std":0.012766689022406751,"final/ACC_mean":0.6410538850848466,"_runtime":3,"final/AMI_mean":0.37942121889933306,"final/AMI_std":0.012868768623978238,"final/F1_std":0.006545893434387151,"final/ACC_std":0.022504042349136867,"_step":1,"final/ARI_std":0.011988691038238724,"final/NMI_mean":0.3835213930718797,"final/VMS_mean":0.3835213930718797,"final/ARI_mean":0.38025997975468767,"final/NMI_std":0.012766689022406762,"final/FMS_std":0.010552914577856056,"final/FMS_mean":0.5614506968499986,"final/F1_mean":0.2778617156130859,"final/metrics_table":{"log_mode":"IMMUTABLE","artifact_path":"wandb-client-artifact://jso2krv6sk1wj6936l06yqdpv68r5j2tazo3yar5il5gui82qcls7dtzt3t8vvqvnukggwxrd157467tozj346v8uqx972cwrw4i0eh2l3dfzbu6tyawvuon9ba8geh2/final/metrics_table.table.json","path":"media/table/final/metrics_table_1_a6eb84fee78dd66875af.table.json","_latest_artifact_path":"wandb-client-artifact://7apdjhxmgsbd9hm047gy8cy4mjvpgqouslm4jua0mbki8mkm8wwznoxagmiwn5uoozpxbqjfsru15rlq353g9wd09oylhza3tdex5k9d4ocjq25esxm5kabyu876b0zx:latest/final/metrics_table.table.json","ncols":7,"sha256":"a6eb84fee78dd66875af42527f37e18d966fe1a21935b8889a9ae0224ab4f9f2","nrows":10,"_type":"table-file","size":1512}}