{"train/ACC":0.6141708841917237,"train/total_loss":4.715874195098877,"train/ARI":0.344682815401873,"train/loss_rec":4.663585186004639,"best_AMI":0.382166501629353,"_timestamp":1.766340421264415e+09,"_wandb":{"runtime":863},"best_NMI":0.3862346143117323,"_runtime":863.8472327,"train/AMI":0.357259968184864,"train/loss_consistency":0.06770940124988556,"_step":4900,"train/loss_kl":0.04551783576607704,"train/NMI":0.36201899202070753,"best_F1":0.28284456561100363,"best_ARI":0.38443425131122444,"train/F1":0.28609830244572465,"best_ACC":0.6513843405775528}