{"train/AMI":0.3820089125511978,"_runtime":57.747995,"_timestamp":1.7665019926308396e+09,"best_ACC":0.6549568323905924,"best_F1":0.27871106350310043,"train/NMI":0.3860592334724786,"train/ACC":0.6501935099732064,"_step":349,"train/total_loss":5.027812957763672,"train/loss_consistency":0.4148789942264557,"train/ARI":0.37866721335298575,"train/loss_kl":0.165934219956398,"best_ARI":0.3888281223036013,"best_AMI":0.38781149943739446,"train/loss_rec":4.8203911781311035,"train/F1":0.281121057420837,"best_NMI":0.39183375721134334,"_wandb":{"runtime":57}}