{"runs/run3/best_NMI":0.383144133331413,"_runtime":579,"runs/run1/best_ACC":0.655254540041679,"train/run5/loss_rec":7.254936218261719,"train/run6/loss_kl":0.16898822784423828,"train/run1/AMI":0.3782766951517512,"train/run2/ACC":0.6466210181601667,"train/run1/loss_kl":0.17659762501716614,"runs/run0/best_AMI":0.3818425519271514,"final/AMI_std":0.004587236267509003,"train/run2/F1":0.2834284888971647,"train/run5/F1":0.28283926856086644,"final/NMI_mean":0.38494196462981006,"train/run6/ACC":0.6469187258112533,"runs/run2/best_ACC":0.6513843405775528,"runs/run7/best_AMI":0.382600382202026,"runs/run7/best_NMI":0.3864979458270815,"train/run5/AMI":0.37062725844845923,"runs/run1/best_F1":0.28478139259910534,"train/run4/NMI":0.3933280880405795,"final/VMS_std":0.004563577674786633,"train/run6/F1":0.2827391894849183,"train/run7/ACC":0.6516820482286395,"final/ARI_mean":0.3852878433955478,"train/run9/F1":0.2845533579387451,"train/run2/NMI":0.3858767758198412,"train/run5/loss_kl":0.17149658501148224,"train/run3/loss_rec":7.262479305267334,"train/run2/ARI":0.37258386414053135,"train/run8/total_loss":7.481142044067383,"train/run7/total_loss":7.468002796173096,"runs/run5/best_F1":0.28155758350069915,"train/run3/loss_kl":0.17326977849006653,"runs/run9/best_F1":0.2847487782631275,"train/run9/AMI":0.38298400636998675,"train/run4/loss_kl":0.17706197500228882,"train/run3/AMI":0.3714864778144474,"train/run3/F1":0.2825552315024749,"runs/run4/best_ARI":0.3883253692280304,"train/run7/AMI":0.38109338076597526,"runs/run6/best_NMI":0.3867992229615614,"runs/run5/best_ACC":0.6493003870199464,"runs/run6/best_F1":0.2836586755091387,"best_ARI":0.38967381819431,"runs/run6/best_ARI":0.3872687844944095,"runs/run6/best_ACC":0.6540637094373325,"train/run9/total_loss":7.46950626373291,"train/run8/loss_rec":7.277677059173584,"train/run8/loss_kl":0.1678788810968399,"runs/run1/best_ARI":0.38967381819431,"train/run9/ACC":0.6513843405775528,"train/run4/ACC":0.6519797558797261,"final/VMS_mean":0.38494196462981006,"train/run2/loss_kl":0.16822318732738495,"train/run8/loss_consistency":0.35586047172546387,"train/run2/loss_consistency":0.3661935329437256,"train/run3/ACC":0.6433462339982138,"runs/run9/best_ARI":0.3834914389306295,"runs/run6/best_AMI":0.38283990333010753,"train/run7/F1":0.28502310178222384,"train/run7/NMI":0.3850624552101178,"train/run0/loss_kl":0.17165647447109222,"runs/run8/best_ARI":0.38418605675300754,"train/run1/F1":0.28311529883739917,"runs/run4/best_F1":0.28582260393547354,"train/run6/AMI":0.3770066051710146,"train/run4/loss_rec":7.267979145050049,"train/run9/loss_rec":7.2605791091918945,"train/run3/ARI":0.36723564133657915,"train/run5/loss_consistency":0.3767147660255432,"final/ACC_std":0.0022165395935429674,"train/run8/ACC":0.6469187258112533,"final/NMI_std":0.004563577674786641,"train/run7/ARI":0.380798970974626,"train/run6/epoch":349,"runs/run1/best_AMI":0.38351646585304283,"train/run1/total_loss":7.48492956161499,"runs/run8/best_ACC":0.6490026793688598,"train/run0/F1":0.28398473742568975,"runs/run1/best_NMI":0.38745585233643964,"train/run6/NMI":0.3810394241401108,"final/metrics_table":{"_latest_artifact_path":"wandb-client-artifact://eh27apdjhxmgsbd9hm047gy8cy4mjvpgqouslm4jua0mbki8mkm8wwznoxagmiwn5uoozpxbqjfsru15rlq353g9wd09oylhza3tdex5k9d4ocjq25esxm5kabyu876b:latest/final/metrics_table.table.json","path":"media/table/final/metrics_table_3550_f38037347fff2c3de926.table.json","size":1498,"log_mode":"IMMUTABLE","nrows":10,"sha256":"f38037347fff2c3de92645774b6d3cfd40bbfa60aed0d9e1f462815dce23eea3","ncols":7,"_type":"table-file","artifact_path":"wandb-client-artifact://41pjso2krv6sk1wj6936l06yqdpv68r5j2tazo3yar5il5gui82qcls7dtzt3t8vvqvnukggwxrd157467tozj346v8uqx972cwrw4i0eh2l3dfzbu6tyawvuon9ba8g/final/metrics_table.table.json"},"final/FMS_std":0.0025402015575965156,"train/run2/loss_rec":7.264787673950195,"train/run3/loss_consistency":0.36936312913894653,"train/run5/epoch":349,"best_ACC":0.655254540041679,"train/run3/total_loss":7.47268533706665,"train/run7/loss_kl":0.16929788887500763,"runs/run9/best_ACC":0.6531705864840727,"runs/run8/best_NMI":0.3779801739004985,"train/run4/AMI":0.389441717972356,"runs/run2/best_NMI":0.3815700789730615,"train/run9/ARI":0.37992125724859205,"runs/run8/best_AMI":0.3740585565862667,"runs/run5/best_NMI":0.3800143355448821,"train/run8/epoch":349,"runs/run5/best_AMI":0.3759566903168524,"train/run4/loss_consistency":0.3912231922149658,"train/run0/epoch":349,"train/run9/loss_consistency":0.3829202651977539,"train/run6/loss_rec":7.258037567138672,"train/run1/NMI":0.3823044272930635,"train/run1/ARI":0.3795812900183293,"train/run7/epoch":349,"train/run8/F1":0.28362505590153403,"runs/run5/best_ARI":0.3823001935092078,"train/run6/ARI":0.37542032523269814,"train/run0/loss_rec":7.270309925079346,"train/run5/ARI":0.36576821096807527,"train/run1/epoch":349,"train/run3/NMI":0.3755146249169915,"runs/run0/best_F1":0.2812320078374016,"train/run0/ACC":0.6478118487645133,"train/run7/loss_consistency":0.35474854707717896,"train/run8/AMI":0.3797569447729617,"final/ARI_std":0.002434154361577852,"train/run9/NMI":0.3869425110772989,"train/run9/epoch":349,"best_NMI":0.3942257022823668,"final/F1_std":0.0026652609253241576,"train/run3/epoch":349,"train/run0/total_loss":7.4775166511535645,"train/run0/loss_consistency":0.3554996848106384,"final/ACC_mean":0.652604941947008,"runs/run9/best_NMI":0.3858792393245684,"runs/run2/best_F1":0.28118092085221164,"train/run0/ARI":0.3755501142136243,"train/run0/NMI":0.38233572684141076,"runs/run9/best_AMI":0.38190496939040497,"train/run4/total_loss":7.484163284301758,"_wandb":{"runtime":579},"runs/run7/best_F1":0.2847461589608862,"train/run7/loss_rec":7.263230323791504,"train/run5/NMI":0.37470015050390953,"final/AMI_mean":0.38097750289950943,"final/FMS_mean":0.5598460265934524,"_step":3550,"runs/run2/best_ARI":0.3837835033591469,"train/run6/total_loss":7.463932514190674,"train/run5/ACC":0.6418576957427806,"train/run2/epoch":349,"runs/run0/best_ACC":0.6522774635308127,"runs/run3/best_ARI":0.383001736621158,"train/run4/F1":0.28454490854498754,"train/run1/ACC":0.6493003870199464,"train/run1/loss_rec":7.271572113037109,"train/run8/NMI":0.38375837132562934,"train/run2/total_loss":7.469630241394043,"runs/run4/best_AMI":0.3903126743031519,"runs/run4/best_ACC":0.655254540041679,"train/run4/epoch":349,"train/run4/ARI":0.3811418485932834,"runs/run3/best_F1":0.28323509880597686,"runs/run7/best_ARI":0.3855740551958739,"runs/run0/best_ARI":0.3852734776697047,"train/run6/loss_consistency":0.3690657317638397,"train/run8/ARI":0.37407695568633964,"runs/run4/best_NMI":0.3942257022823668,"train/run5/total_loss":7.464104175567627,"runs/run3/best_AMI":0.37921354455196715,"train/run9/loss_kl":0.17063510417938232,"runs/run3/best_ACC":0.6522774635308127,"runs/run8/best_F1":0.2768217399066713,"train/run1/loss_consistency":0.3675994873046875,"train/run2/AMI":0.3818844314942587,"runs/run7/best_ACC":0.6540637094373325,"_timestamp":1.7683060654559932e+09,"train/run0/AMI":0.3783466925162674,"runs/run0/best_NMI":0.3858529618162276,"final/F1_mean":0.28277849601706917,"runs/run2/best_AMI":0.3775292905341241}